{"validation_loss":0.03338945101106596,"epoch":9,"_runtime":251.7942066,"training_accuracy":0.8997222222222222,"validation_accuracy":0.8798333333333334,"_step":9,"loss":0.028020753657610316,"_timestamp":1.7416245762562125e+09,"_wandb":{"runtime":251}}