{"_wandb":{"runtime":322},"loss":0.029424476904572464,"validation_accuracy":0.8708333333333333,"training_accuracy":0.8913888888888889,"_step":9,"validation_loss":0.03793893502197953,"epoch":9,"_runtime":322.5452333,"_timestamp":1.7415776680734854e+09}