{"_runtime":246.9068698,"loss":0.047157975840058104,"validation_loss":0.048409137384897376,"_step":9,"epoch":9,"training_accuracy":0.8394814814814815,"_timestamp":1.7415788574243438e+09,"validation_accuracy":0.8315,"_wandb":{"runtime":246}}