{"training_accuracy":0.7891481481481482,"validation_loss":0.06150218222650176,"epoch":9,"_wandb":{"runtime":1025},"_step":9,"_runtime":1025.2944557,"loss":0.0617799194481474,"_timestamp":1.741645779663172e+09,"validation_accuracy":0.7866666666666666}