{"_runtime":145.7852011,"training_accuracy":0.7178518518518519,"epoch":4,"validation_loss":0.07837399410733759,"_wandb":{"runtime":145},"loss":0.08161704191457644,"_timestamp":1.741580282577511e+09,"_step":4,"validation_accuracy":0.7241666666666666}