{"_wandb":{"runtime":142},"validation_accuracy":0.8041666666666667,"epoch":4,"_step":4,"training_accuracy":0.8041481481481482,"_timestamp":1.7416164373095388e+09,"validation_loss":0.05391067648334722,"_runtime":142.1659319,"loss":0.053541717289179926}