{"_wandb":{"runtime":547},"training_accuracy":0.09994444444444445,"validation_accuracy":0.1005,"_step":4,"_timestamp":1.741627592181771e+09,"validation_loss":NaN,"loss":NaN,"_runtime":547.7098281,"epoch":4}