{"_runtime":2635.9977217,"_wandb":{"runtime":2636},"epoch":9,"_timestamp":1.7416424829092948e+09,"training_accuracy":0.8740370370370371,"_step":9,"validation_accuracy":0.8406666666666667,"loss":0.03481266393001809,"validation_loss":0.047053676745721265}