{"_step":9,"loss":0.15300251278267027,"training_accuracy":0.5155740740740741,"validation_accuracy":0.5128333333333334,"epoch":9,"_timestamp":1.7415488948718615e+09,"_runtime":332.4921003,"_wandb":{"runtime":332}}