{"_timestamp":1.7415773372225535e+09,"_step":4,"loss":0.5497093250583671,"training_accuracy":0.44812962962962966,"_wandb":{"runtime":590},"validation_loss":0.5281311407209207,"_runtime":590.4721282,"epoch":4,"validation_accuracy":0.443}