{"loss":0.04764164068085039,"training_accuracy":0.8393518518518519,"validation_accuracy":0.838,"epoch":4,"_timestamp":1.7415472469366271e+09,"_runtime":162.0540422,"_wandb":{"runtime":162},"_step":4}