{"validation_loss":0.044845860630712164,"validation_accuracy":0.8386666666666667,"_runtime":412.2525134,"loss":0.04262282208879056,"_timestamp":1.741590950572249e+09,"_wandb":{"runtime":412},"_step":9,"epoch":9,"training_accuracy":0.8521111111111112}