{"loss":0.04007920907014775,"_wandb":{"runtime":547},"epoch":4,"_step":4,"validation_accuracy":0.8226666666666667,"_runtime":547.0758194,"validation_loss":0.048530312338910496,"training_accuracy":0.8566111111111111,"_timestamp":1.741578222505265e+09}