{"_runtime":1088.7599751,"validation_loss":0.23010856452330333,"_step":9,"_timestamp":1.7416065751743562e+09,"validation_accuracy":0.10083333333333333,"epoch":9,"training_accuracy":0.10048148148148148,"_wandb":{"runtime":1088},"loss":0.23011645258782}