{"validation_loss":0.05730015536086366,"_step":9,"_wandb":{"runtime":1037},"epoch":9,"validation_accuracy":0.7976666666666666,"_runtime":1037.9846209,"training_accuracy":0.7993148148148148,"_timestamp":1.741585205596092e+09,"loss":0.05697787264704518}