{"validation_accuracy":0.1005,"_wandb":{"runtime":1014},"_runtime":1014.7606178,"_step":9,"validation_loss":NaN,"epoch":9,"training_accuracy":0.09994444444444445,"loss":NaN,"_timestamp":1.741597705937518e+09}