{"validation_loss":NaN,"validation_accuracy":0.1005,"_wandb":{"runtime":321},"training_accuracy":0.09994444444444445,"_step":9,"loss":NaN,"epoch":9,"_timestamp":1.7416213249159467e+09,"_runtime":321.082652}