{"_runtime":1161.109713,"_wandb":{"runtime":1161},"_step":9,"validation_loss":0.06684100565695,"loss":0.06305670860736806,"epoch":9,"_timestamp":1.7415966772127557e+09,"training_accuracy":0.7727777777777778,"validation_accuracy":0.7633333333333333}