{"_wandb":{"runtime":248},"training_accuracy":0.7429814814814815,"validation_accuracy":0.7326666666666667,"_step":9,"_timestamp":1.74159202315882e+09,"_runtime":248.5326116,"epoch":9,"validation_loss":0.07498132953347336,"loss":0.07144998678585959}