{"validation_loss":NaN,"validation_accuracy":0.1005,"loss":NaN,"_timestamp":1.7416035590755644e+09,"epoch":9,"_wandb":{"runtime":315},"_runtime":315.7528593,"_step":9,"training_accuracy":0.09994444444444445}