{"_wandb":{"runtime":674},"training_accuracy":0.7402592592592593,"_step":4,"loss":0.07423438457388988,"_runtime":674.8529109,"_timestamp":1.741585887112007e+09,"validation_loss":0.0733100031208841,"validation_accuracy":0.737,"epoch":4}