{"epoch":9,"_wandb":{"runtime":264},"_step":9,"validation_loss":0.09379940034462347,"validation_accuracy":0.689,"_runtime":264.0904861,"_timestamp":1.7415979753385541e+09,"training_accuracy":0.6820925925925926,"loss":0.09617086287873701}