{"_step":4,"training_accuracy":0.09994444444444445,"validation_loss":NaN,"loss":NaN,"validation_accuracy":0.1005,"_runtime":245.4455239,"_wandb":{"runtime":245},"epoch":4,"_timestamp":1.741616690185995e+09}