{"validation_accuracy":0.106,"_wandb":{"runtime":221},"epoch":4,"_timestamp":1.741549298262405e+09,"_runtime":221.8092477,"_step":4,"loss":0.23036112337622194,"training_accuracy":0.10861111111111112}