{"validation_loss":0.0968660904911204,"loss":0.09701215398664524,"_wandb":{"runtime":1265},"validation_accuracy":0.6556666666666666,"_runtime":1265.5577331,"_step":9,"epoch":9,"training_accuracy":0.6559259259259259,"_timestamp":1.741580131136163e+09}