{"_step":4,"epoch":4,"_runtime":148.153059,"training_accuracy":0.848925925925926,"_timestamp":1.741622555486279e+09,"validation_loss":0.05191429834562492,"loss":0.050438208980554976,"validation_accuracy":0.8413333333333334,"_wandb":{"runtime":148}}