{"_timestamp":1.741620996350217e+09,"_wandb":{"runtime":460},"epoch":4,"validation_loss":0.035069481655100064,"validation_accuracy":0.8705,"loss":0.03244110600506601,"training_accuracy":0.8887037037037037,"_runtime":460.4398049,"_step":4}