{"epoch":9,"training_accuracy":0.8009259259259259,"loss":0.05653420432587335,"validation_loss":0.057742440449397935,"_wandb":{"runtime":375},"_step":9,"_runtime":375.9223515,"validation_accuracy":0.7956666666666666,"_timestamp":1.7416094545299184e+09}