{"validation_accuracy":0.621,"epoch":4,"_timestamp":1.7415985219223073e+09,"training_accuracy":0.6183518518518518,"validation_loss":0.16562959256156082,"_runtime":539.6419575,"loss":0.17327555801840336,"_wandb":{"runtime":539},"_step":4}