{"_runtime":493.0167614,"_wandb":{"runtime":493},"loss":0.015765415202003696,"training_accuracy":0.9562777777777778,"epoch":9,"validation_accuracy":0.9518333333333333,"validation_loss":0.016346972373785056,"_timestamp":1.742209104651539e+09,"_step":9}