{"epoch":4,"_step":4,"_runtime":521.9699268,"_wandb":{"runtime":521},"validation_loss":NaN,"training_accuracy":0.09994444444444445,"validation_accuracy":0.1005,"loss":NaN,"_timestamp":1.7416240043841648e+09}