{"_wandb":{"runtime":560},"training_accuracy":0.8239444444444445,"validation_loss":0.05086937583535805,"epoch":4,"loss":0.05157511788413085,"_runtime":560.5124311,"validation_accuracy":0.8278333333333333,"_timestamp":1.7415597604644449e+09,"_step":4}