{"_timestamp":1.741562357975154e+09,"epoch":9,"validation_accuracy":0.094,"loss":NaN,"_runtime":1320.5900268,"training_accuracy":0.10066666666666667,"validation_loss":NaN,"_wandb":{"runtime":1320},"_step":9}