{"_runtime":518.7627145,"validation_accuracy":0.1005,"epoch":4,"_wandb":{"runtime":518},"loss":NaN,"validation_loss":NaN,"_step":4,"training_accuracy":0.09994444444444445,"_timestamp":1.7416313868998272e+09}