{"_step":9,"_wandb":{"runtime":343},"loss":0.0316484969762369,"training_accuracy":0.889962962962963,"validation_accuracy":0.8741666666666666,"epoch":9,"_timestamp":1.7415481513448656e+09,"_runtime":343.0714787}