{"_wandb":{"runtime":169},"validation_loss":NaN,"loss":NaN,"epoch":4,"_runtime":169.6850441,"training_accuracy":0.09994444444444445,"validation_accuracy":0.1005,"_timestamp":1.7416124543125503e+09,"_step":4}