{"_runtime":127.9439272,"epoch":4,"training_accuracy":0.718037037037037,"loss":0.08009310414233706,"validation_loss":0.07916357068732488,"validation_accuracy":0.718,"_wandb":{"runtime":127},"_timestamp":1.7416127648937595e+09,"_step":4}