{"_timestamp":1.7416018284880152e+09,"validation_loss":0.23108713037884437,"epoch":9,"_runtime":263.292663,"training_accuracy":0.14694444444444443,"_step":9,"validation_accuracy":0.15083333333333335,"_wandb":{"runtime":263},"loss":0.2321692738178642}