{"_step":9,"training_accuracy":0.8845740740740741,"_runtime":471.8914634,"loss":0.03289876920071595,"epoch":9,"validation_loss":0.03615701639174845,"validation_accuracy":0.8678333333333333,"_wandb":{"runtime":471},"_timestamp":1.7415639525152812e+09}