{"_runtime":193.450432,"validation_loss":0.12086291414577259,"validation_accuracy":0.5891666666666666,"_step":4,"_wandb":{"runtime":193},"epoch":4,"_timestamp":1.7415822917043765e+09,"loss":0.12579354432711393,"training_accuracy":0.5870185185185185}