{"training_accuracy":0.09994444444444445,"epoch":9,"loss":NaN,"validation_accuracy":0.1005,"_runtime":438.8889585,"_step":9,"_timestamp":1.7416372069921534e+09,"validation_loss":NaN,"_wandb":{"runtime":438}}