{"epoch":9,"validation_accuracy":0.8485,"_timestamp":1.7416076501132078e+09,"loss":0.041333638050612846,"_step":9,"validation_loss":0.0426226437044794,"_runtime":1067.5191428,"training_accuracy":0.8559074074074075,"_wandb":{"runtime":1067}}