{"validation_accuracy":0.1005,"validation_loss":NaN,"_step":4,"_timestamp":1.7415870705919325e+09,"training_accuracy":0.09994444444444445,"epoch":4,"_wandb":{"runtime":215},"loss":NaN,"_runtime":215.9150637}