{"loss":0.0022909159123765434,"validation_loss":0.009286735474594661,"epoch":4,"validation_accuracy":0.9793333333333333,"_runtime":1094.5122112,"_wandb":{"runtime":1094},"_timestamp":1.7422049361468396e+09,"_step":4,"training_accuracy":0.9940555555555556}