{"epoch":9,"_wandb":{"runtime":515},"validation_loss":NaN,"validation_accuracy":0.1005,"training_accuracy":0.09994444444444445,"_runtime":515.6352636,"_step":9,"_timestamp":1.7416044821659608e+09,"loss":NaN}