{"_runtime":385.7644962,"epoch":9,"validation_accuracy":0.8885,"_step":9,"training_accuracy":0.9130925925925926,"validation_loss":0.03218614037617971,"_wandb":{"runtime":385},"loss":0.023183002894637407,"_timestamp":1.7415945063110275e+09}