{"_wandb":{"runtime":246},"validation_accuracy":0.853,"loss":0.040508161856397926,"_timestamp":1.7416296777849047e+09,"training_accuracy":0.8621851851851852,"epoch":4,"_runtime":246.7697824,"_step":4,"validation_loss":0.043280495285694484}