{"validation_accuracy":0.30933333333333335,"_runtime":187.8735047,"validation_loss":0.47947248117982344,"loss":0.4924964320232057,"_timestamp":1.741617739756571e+09,"training_accuracy":0.3136111111111111,"_wandb":{"runtime":187},"epoch":4,"_step":4}