{"epoch":9,"validation_loss":0.06248387872283676,"_step":9,"validation_accuracy":0.7941666666666667,"_runtime":372.0167254,"loss":0.05969381298506239,"training_accuracy":0.8042222222222222,"_wandb":{"runtime":372},"_timestamp":1.7416267226248035e+09}