{"validation_accuracy":0.1005,"_step":9,"_timestamp":1.7416007221257355e+09,"_runtime":1075.5864404,"_wandb":{"runtime":1075},"training_accuracy":0.09994444444444445,"loss":NaN,"validation_loss":NaN,"epoch":9}