{"_step":4,"validation_loss":0.010030600293928297,"validation_accuracy":0.9696666666666667,"training_accuracy":0.986462962962963,"_wandb":{"runtime":200},"_runtime":200.1830973,"loss":0.00527888240295922,"_timestamp":1.7422073240315874e+09,"epoch":4}