{"training_accuracy":0.09994444444444445,"_step":9,"_wandb":{"runtime":334},"_runtime":334.1479764,"validation_accuracy":0.1005,"_timestamp":1.7416162894944234e+09,"validation_loss":NaN,"epoch":9,"loss":NaN}