{"training_accuracy":0.4572037037037037,"validation_accuracy":0.4493333333333333,"epoch":4,"loss":0.1930941967022241,"_wandb":{"runtime":168},"_runtime":168.6582784,"_step":4,"_timestamp":1.741564461621873e+09,"validation_loss":0.18452888263497405}