{"_timestamp":1.7415500420453792e+09,"_runtime":587.9829344,"_wandb":{"runtime":587},"_step":9,"loss":0.03374215870724856,"training_accuracy":0.880962962962963,"validation_accuracy":0.8696666666666667,"epoch":9}