{"validation_loss":0.15621275084772887,"validation_accuracy":0.47633333333333333,"training_accuracy":0.4785740740740741,"_timestamp":1.741563474094989e+09,"_wandb":{"runtime":322},"loss":0.15798435664263658,"epoch":9,"_step":9,"_runtime":322.5035521}