{"validation_accuracy":0.818,"_runtime":371.9585301,"validation_loss":0.051855383567543205,"_wandb":{"runtime":371},"training_accuracy":0.8224814814814815,"_step":9,"loss":0.0509101193402853,"_timestamp":1.7416011016872761e+09,"epoch":9}