{"_runtime":301.6807896,"training_accuracy":0.7181296296296297,"validation_accuracy":0.7121666666666666,"_timestamp":1.7416135301019566e+09,"_step":9,"validation_loss":0.07223760178681707,"epoch":9,"loss":0.07119674806031132,"_wandb":{"runtime":301}}