{"validation_loss":0.009982840749665533,"training_accuracy":0.9867777777777778,"_wandb":{"runtime":791},"epoch":4,"loss":0.004333383678664482,"_timestamp":1.7422035016696043e+09,"_step":4,"validation_accuracy":0.9721666666666666,"_runtime":791.3636968}