{"loss":0.020975173788211673,"_timestamp":1.7416090703744466e+09,"training_accuracy":0.9143333333333333,"validation_accuracy":0.8806666666666667,"_runtime":1415.8811127,"_step":9,"epoch":9,"validation_loss":0.03913235573003895,"_wandb":{"runtime":1415}}