{"_step":4,"_wandb":{"runtime":168},"loss":0.05831023771405213,"training_accuracy":0.8094074074074074,"validation_accuracy":0.804,"epoch":4,"_timestamp":1.7415490684619508e+09,"_runtime":168.5292897}