{"epoch":9,"_step":9,"loss":0.07963338687466222,"_runtime":1294.5107092,"training_accuracy":0.715925925925926,"_timestamp":1.7416354856543007e+09,"validation_loss":0.07848653027885322,"validation_accuracy":0.7133333333333334,"_wandb":{"runtime":1294}}