{"_wandb":{"runtime":243},"validation_accuracy":0.4756666666666667,"epoch":4,"training_accuracy":0.4784074074074074,"validation_loss":0.15125363110358325,"_step":4,"loss":0.15630643919829812,"_runtime":243.1995938,"_timestamp":1.7416300965892377e+09}