{"_wandb":{"runtime":1494},"_timestamp":1.7415522898234334e+09,"loss":0.05569752431612605,"epoch":9,"validation_accuracy":0.8111666666666667,"_runtime":1494.8374374,"_step":9,"training_accuracy":0.8096111111111111,"validation_loss":0.05492248653524908}