{"training_accuracy":0.7897222222222222,"_wandb":{"runtime":673},"_runtime":673.9615257,"validation_accuracy":0.7896666666666666,"_timestamp":1.7416184225671196e+09,"loss":0.06052172198705932,"validation_loss":0.058636058079465814,"_step":4,"epoch":4}