{"loss":0.23014394419624185,"validation_loss":0.23014186178688062,"validation_accuracy":0.11416666666666667,"_wandb":{"runtime":288},"_runtime":288.2147693,"epoch":9,"_step":9,"_timestamp":1.7416021246984222e+09,"training_accuracy":0.1255740740740741}