{"_runtime":129.0387534,"validation_loss":0.09692583926187713,"validation_accuracy":0.6583333333333333,"_wandb":{"runtime":129},"_timestamp":1.7416132236641355e+09,"loss":0.09754833259480634,"training_accuracy":0.6547222222222222,"epoch":4,"_step":4}