{"_runtime":304.9397281,"validation_loss":0.132842986737822,"_wandb":{"runtime":304},"_step":9,"_timestamp":1.7415537403074293e+09,"validation_accuracy":0.6425,"epoch":9,"training_accuracy":0.641537037037037,"loss":0.13554585041642594}