{"validation_loss":0.15798557067170865,"_wandb":{"runtime":1269},"_timestamp":1.7416367615403337e+09,"epoch":9,"_runtime":1269.2600489,"training_accuracy":0.5255740740740741,"loss":0.16333474484177973,"_step":9,"validation_accuracy":0.5405}