{"validation_loss":0.05700748622564667,"training_accuracy":0.8131111111111111,"_timestamp":1.7416261181690884e+09,"_runtime":469.6733262,"_step":9,"validation_accuracy":0.81,"loss":0.05723063892835753,"_wandb":{"runtime":469},"epoch":9}