{"_timestamp":1.7415868405507722e+09,"training_accuracy":0.09994444444444445,"_wandb":{"runtime":136},"validation_accuracy":0.1005,"loss":NaN,"validation_loss":NaN,"epoch":4,"_step":4,"_runtime":136.6211589}