{"_timestamp":1.7416441640197213e+09,"training_accuracy":0.09994444444444445,"validation_loss":NaN,"epoch":4,"_wandb":{"runtime":921},"_runtime":921.8618925,"loss":NaN,"validation_accuracy":0.1005,"_step":4}