{"loss":0.0651699195807426,"validation_accuracy":0.7713333333333333,"_wandb":{"runtime":1461},"_runtime":1461.4993538,"validation_loss":0.06502835964579362,"_step":9,"training_accuracy":0.7751851851851852,"epoch":9,"_timestamp":1.7416290624070587e+09}