{"validation_accuracy":0.842,"loss":0.039308022978992066,"_runtime":193.6207358,"validation_loss":0.04428632906291912,"epoch":4,"training_accuracy":0.8600185185185185,"_step":4,"_timestamp":1.7415949969779546e+09,"_wandb":{"runtime":193}}