{"_wandb":{"runtime":436},"training_accuracy":0.7491111111111111,"loss":0.07036049295218316,"validation_loss":0.0696615986168311,"_timestamp":1.7422228084868503e+09,"validation_accuracy":0.741,"_step":4,"_runtime":432.4824768,"epoch":4}