{"validation_accuracy":0.8813333333333333,"_step":9,"_runtime":361.1271122,"validation_loss":0.033848526722381395,"_timestamp":1.741599431443823e+09,"epoch":9,"loss":0.02250251905074803,"training_accuracy":0.9119259259259259,"_wandb":{"runtime":361}}