{"_wandb":{"runtime":210},"epoch":4,"_runtime":210.1352476,"_step":4,"loss":NaN,"training_accuracy":0.09994444444444445,"validation_accuracy":0.1005,"validation_loss":NaN,"_timestamp":1.7416263359810982e+09}