{"validation_accuracy":0.85,"epoch":9,"_step":9,"training_accuracy":0.8853333333333333,"validation_loss":0.043775809876428144,"_timestamp":1.7415580278062618e+09,"loss":0.031149196948895064,"_runtime":1262.5734657,"_wandb":{"runtime":1262}}