{"training_accuracy":0.09994444444444445,"_timestamp":1.741648652057226e+09,"validation_loss":NaN,"epoch":9,"_runtime":2864.5565742,"validation_accuracy":0.1005,"_wandb":{"runtime":2864},"loss":NaN,"_step":9}