{"epoch":9,"_wandb":{"runtime":1557},"validation_accuracy":0.6951666666666667,"validation_loss":0.08524529677637163,"_timestamp":1.741632959291543e+09,"loss":0.08499599097110998,"training_accuracy":0.6982962962962963,"_runtime":1557.5137952,"_step":9}