{"_runtime":454.4083924,"_wandb":{"runtime":454},"_step":9,"validation_accuracy":0.8555,"training_accuracy":0.8762962962962964,"loss":0.035109276144653236,"epoch":9,"validation_loss":0.04432155575860328,"_timestamp":1.7415542000468595e+09}