{"training_accuracy":0.8549074074074074,"epoch":9,"_wandb":{"runtime":1285},"loss":0.04016334075316642,"validation_loss":0.04871246927985767,"validation_accuracy":0.8258333333333333,"_step":9,"_runtime":1285.7363313,"_timestamp":1.7415941126737003e+09}