{"validation_loss":0.174279406797258,"_timestamp":1.7416153231772954e+09,"validation_accuracy":0.4053333333333333,"training_accuracy":0.3985740740740741,"epoch":9,"_wandb":{"runtime":1335},"loss":0.1774154494962478,"_step":9,"_runtime":1335.0522774}