{"_runtime":421.3387563,"validation_loss":0.46411377190478803,"loss":0.48004981847729095,"_wandb":{"runtime":421},"training_accuracy":0.44783333333333336,"_timestamp":1.7416202366472292e+09,"_step":4,"epoch":4,"validation_accuracy":0.44133333333333336}