{"_wandb":{"runtime":309},"_step":9,"training_accuracy":0.09994444444444445,"loss":NaN,"validation_accuracy":0.1005,"_runtime":309.576432,"validation_loss":NaN,"_timestamp":1.741624319581373e+09,"epoch":9}