{"validation_accuracy":0.17516666666666666,"_wandb":{"runtime":342},"training_accuracy":0.17005555555555554,"validation_loss":0.2174444267476866,"_runtime":342.8682668,"_step":9,"epoch":9,"loss":0.21848962285199688,"_timestamp":1.7415547321277258e+09}