{"_step":9,"loss":0.0556201561823175,"_wandb":{"runtime":878},"validation_loss":0.05974542941301798,"validation_accuracy":0.7841666666666667,"_timestamp":1.7416111764388833e+09,"epoch":9,"_runtime":878.2395084,"training_accuracy":0.8043518518518519}