{"_wandb":{"runtime":201},"validation_accuracy":0.7246666666666667,"validation_loss":0.08053503323817629,"_step":4,"loss":0.07805866462756984,"training_accuracy":0.7297222222222223,"epoch":4,"_runtime":201.8368297,"_timestamp":1.741611383658973e+09}