{"_step":9,"validation_accuracy":0.8718333333333333,"epoch":9,"training_accuracy":0.8878333333333334,"validation_loss":0.03597973888236666,"_timestamp":1.741639839573828e+09,"_runtime":2623.8656027,"_wandb":{"runtime":2623},"loss":0.029790731256751714}