{"_wandb":{"runtime":177},"training_accuracy":0.15138888888888888,"validation_loss":0.23004502018663198,"validation_accuracy":0.14966666666666667,"_timestamp":1.7415824831885183e+09,"_step":4,"epoch":4,"_runtime":177.9464459,"loss":0.23006050511550813}