{"validation_accuracy":0.1005,"loss":NaN,"training_accuracy":0.09994444444444445,"_timestamp":1.7415953155543709e+09,"_step":9,"validation_loss":NaN,"_wandb":{"runtime":310},"epoch":9,"_runtime":310.0127597}