{"_wandb":{"runtime":460},"validation_accuracy":0.8716666666666667,"_step":9,"validation_loss":0.037561003217099716,"_runtime":460.9184438,"loss":0.03390729760628544,"epoch":9,"_timestamp":1.741560228831375e+09,"training_accuracy":0.884425925925926}