{"validation_accuracy":0.093,"_wandb":{"runtime":519},"training_accuracy":0.10077777777777777,"validation_loss":0.2300338547926837,"_step":4,"loss":0.22998767019698219,"_runtime":519.1336377,"epoch":4,"_timestamp":1.741623474656589e+09}