{"_step":4,"validation_loss":0.1405566151720453,"_timestamp":1.741554892402709e+09,"loss":0.14571843556132685,"epoch":4,"training_accuracy":0.5376296296296297,"validation_accuracy":0.525,"_wandb":{"runtime":152},"_runtime":152.1245667}