{"validation_accuracy":0.6061666666666666,"training_accuracy":0.6095925925925926,"epoch":4,"validation_loss":0.11112018149102475,"_step":4,"loss":0.11359218627987282,"_wandb":{"runtime":453},"_timestamp":1.741601560268991e+09,"_runtime":453.4376204}