{"epoch":9,"_wandb":{"runtime":429},"validation_loss":0.043876025758425356,"_step":9,"_runtime":429.0238831,"_timestamp":1.7416139654202056e+09,"validation_accuracy":0.8548333333333333,"loss":0.034677671313727336,"training_accuracy":0.8661296296296296}