{"_wandb":{"runtime":737},"validation_accuracy":0.566,"_runtime":737.7903709,"_step":4,"training_accuracy":0.5656481481481481,"_timestamp":1.7416432277055268e+09,"epoch":4,"validation_loss":0.14040604085550104,"loss":0.152221651791972}