{"_step":4,"validation_accuracy":0.37766666666666665,"epoch":4,"_timestamp":1.7415923673043473e+09,"loss":0.26905002359577046,"_runtime":135.1072924,"validation_loss":0.26371740125933524,"training_accuracy":0.37905555555555553,"_wandb":{"runtime":135}}