{"_wandb":{"runtime":200},"_step":4,"validation_accuracy":0.1005,"_runtime":200.0501524,"validation_loss":0.23028704065078107,"epoch":4,"training_accuracy":0.09994444444444445,"_timestamp":1.7415996386930382e+09,"loss":0.23029328751738437}