{"validation_loss":0.09563468639139559,"loss":0.09726654258535566,"_runtime":799.7523776,"training_accuracy":0.6693888888888889,"validation_accuracy":0.6601666666666667,"_wandb":{"runtime":799},"_timestamp":1.741603236630771e+09,"_step":4,"epoch":4}