{"_runtime":1292.0564198,"validation_loss":0.03784060479995075,"_wandb":{"runtime":1292},"_timestamp":1.7416499509547446e+09,"loss":0.03489473070368291,"training_accuracy":0.8748703703703704,"epoch":4,"_step":4,"validation_accuracy":0.864}