{"_runtime":421.1419485,"validation_loss":NaN,"validation_accuracy":0.1005,"epoch":9,"training_accuracy":0.09994444444444445,"loss":NaN,"_timestamp":1.7415841634117608e+09,"_wandb":{"runtime":421},"_step":9}