{"validation_accuracy":0.8526666666666667,"_step":9,"loss":0.03973225097723219,"training_accuracy":0.8626851851851852,"epoch":9,"_wandb":{"runtime":300},"validation_loss":0.042186007592053106,"_timestamp":1.7416047913023133e+09,"_runtime":300.5869523}