{"validation_accuracy":0.094,"loss":NaN,"_wandb":{"runtime":175},"_step":4,"validation_loss":NaN,"training_accuracy":0.10066666666666667,"_timestamp":1.741554384420745e+09,"_runtime":175.526468,"epoch":4}